0,italian,Gingerbread Biscotti,4.41,333,"[u'1/3 cup vegetable oil', u'1 cup white sugar', u'3 eggs', u'1/4 cup molasses', u'2 1/4 cups all-purpose flour', u'1 cup whole wheat flour', u'1 tablespoon baking powder', u'1 1/2 tablespoons ground ginger', u'3/4 tablespoon ground cinnamon', u'1/2 tablespoon ground cloves', u'1/4 teaspoon ground nutmeg']",70,12.1,1.4,12,26
1,italian,Italian Chicken Cacciatore,5,3,"[u'1/4 cup olive oil, divided', u'1 onion, diced', u'1/4 cup all-purpose flour', u'1/2 teaspoon salt', u'1/4 teaspoon freshly ground black pepper', u'8 chicken thighs', u'1/2 cup dry white wine', u'2 (14.5 ounce) cans diced tomatoes', u'2 (6 ounce) cans tomato paste', u'1/4 teaspoon white sugar, or more to taste', u'salt and ground black pepper to taste', u'1/2 cup chicken broth, or more as needed', u'1/2 cup black olives, pitted', u'1 tablespoon chopped fresh parsley', u'1 tablespoon torn basil leaves']",587,36.5,38.8,117,1707
2,italian,Spaghetti Cacio e Pepe,4.58,73,"[u'1 pound spaghetti', u'6 tablespoons olive oil', u'2 cloves garlic, minced', u'2 teaspoons ground black pepper', u'1 3/4 cups grated Pecorino Romano cheese']",806,87.8,31.6,54,633
3,italian,Easy Caponata,4.67,3,"[u'2 stalks stalk celery, chopped into 1/4-inch pieces', u'1/2 cup olive oil', u'1 onion, thinly sliced', u'1 medium eggplant, chopped into bite-size pieces', u'2 red bell peppers, thinly sliced', u'2 zucchini, cubed', u'1 3/4 cups tomato puree (passata)', u'1/2 cup white vinegar', u'1 tablespoon white sugar', u'10 black olives, pitted', u'2 tablespoons raisins', u'2 tablespoons pine nuts', u'1 teaspoon capers', u'salt and ground black pepper to taste', u'10 leaves basil, chopped']",289,25.2,4.4,0,424
4,italian,Chef John's Lemon Ice,4.64,10,"[u'4 cups cold water', u'7/8 cup white sugar', u'2 tablespoons lemon zest', u'1 cup freshly squeezed lemon juice', u'1 teaspoon lemon extract']",94,24.8,0.1,0,4
5,italian,Focaccia di Recco,4.6,17,"[u'2 cups all-purpose flour', u'1/2 cup cold water', u'2 tablespoons cold water', u'1 tablespoon extra-virgin olive oil', u'3/4 teaspoon fine salt', u'1 quarter-sheet baking pan', u'1 teaspoon extra-virgin olive oil', u'1 teaspoon cornmeal', u'12 tablespoons crescenza-stracchino cheese, divided', u'4 teaspoons extra-virgin olive oil, divided', u'1/4 teaspoon coarse sea salt, divided']",186,24.1,4.7,7,327
6,italian,Frittata di Zucchine e Fiori di Zucca (Italian Courgette Frittata),4.5,1,"[u'3 tablespoons extra-virgin olive oil, divided', u'1 small white onion, finely chopped', u'1 bunch parsley, stems and leaves chopped separately', u'3 zucchini, cut into long, thin strips', u'salt and ground black pepper to taste', u'7 1/2 cups zucchini blossoms, pistils removed', u'6 eggs', u'3 tablespoons grated Parmesan cheese', u'1 tablespoon grated Pecorino Romano cheese', u'4 leaves fresh mint, chopped']",267,10.3,14.5,284,250
7,italian,Melanzana alla Parmigiana (Perfect Eggplant Parmigiana),3.5,1,"[u'1/2 cup extra-virgin olive oil, or as needed', u'6 eggplants, trimmed and cut into 1/2-inch thick slices', u'salt to taste', u'1 1/3 cups crushed tomatoes in puree', u'1 tablespoon olive oil, or more to taste', u'2 cloves garlic', u'1 bunch fresh basil, divided', u'18 ounces fresh mozzarella cheese, drained and sliced', u'dried oregano, to taste', u'4 ounces grated Parmesan cheese']",506,36.8,28.9,83,453
8,italian,Affogato with Cold-Brewed Coffee,4.67,8,"[u'2/3 cup medium-coarse ground coffee', u'3 cups cold water', u'2 scoops vanilla ice cream', u'2 tablespoons shaved dark chocolate']",109,15.4,2.1,9,46
9,italian,World's Best Lasagna,4.79,11758,"[u'1 pound sweet Italian sausage', u'3/4 pound lean ground beef', u'1/2 cup minced onion', u'2 cloves garlic, crushed', u'1 (28 ounce) can crushed tomatoes', u'2 (6 ounce) cans tomato paste', u'2 (6.5 ounce) cans canned tomato sauce', u'1/2 cup water', u'2 tablespoons white sugar', u'1 1/2 teaspoons dried basil leaves', u'1/2 teaspoon fennel seeds', u'1 teaspoon Italian seasoning', u'1 tablespoon salt', u'1/4 teaspoon ground black pepper', u'4 tablespoons chopped fresh parsley', u'12 lasagna noodles', u'16 ounces ricotta cheese', u'1 egg', u'1/2 teaspoon salt', u'3/4 pound mozzarella cheese, sliced', u'3/4 cup grated Parmesan cheese']",448,36.5,29.7,82,1788
10,italian,Chicken Marsala,4.54,3698,"[u'1/4 cup all-purpose flour for coating', u'1/2 teaspoon salt', u'1/4 teaspoon ground black pepper', u'1/2 teaspoon dried oregano', u'4 skinless, boneless chicken breast halves - pounded 1/4 inch thick', u'4 tablespoons butter', u'4 tablespoons olive oil', u'1 cup sliced mushrooms', u'1/2 cup Marsala wine', u'1/4 cup cooking sherry']",448,13.3,28.8,99,543
70,spanish,Spanish Cod,4.49,116,"[u'1 tablespoon butter', u'1 tablespoon olive oil', u'1/4 cup finely chopped onion', u'2 tablespoons chopped fresh garlic', u'1 cup tomato sauce', u'15 cherry tomatoes, halved', u'1/2 cup chopped green olives', u'1/4 cup deli marinated Italian vegetable salad, drained and coarsely chopped', u'1 dash black pepper', u'1 dash cayenne pepper', u'1 dash paprika', u'6 (4 ounce) fillets cod fillets']",170,6.5,21.3,46,597
71,spanish,Spanish Flan,4.39,777,"[u'1 cup white sugar', u'3 eggs', u'1 (14 ounce) can sweetened condensed milk', u'1 (12 fluid ounce) can evaporated milk', u'1 tablespoon vanilla extract']",349,56.7,9.5,100,139
72,spanish,Easy Paella,4.61,379,"[u'2 tablespoons olive oil', u'1 tablespoon paprika', u'2 teaspoons dried oregano', u'salt and black pepper to taste', u'2 pounds skinless, boneless chicken breasts, cut into 2 inch pieces', u'2 tablespoons olive oil, divided', u'3 cloves garlic, crushed', u'1 teaspoon crushed red pepper flakes', u'2 cups uncooked short-grain white rice', u'1 pinch saffron threads', u'1 bay leaf', u'1/2 bunch Italian flat leaf parsley, chopped', u'1 quart chicken stock', u'2 lemons, zested', u'2 tablespoons olive oil', u'1 Spanish onion, chopped', u'1 red bell pepper, coarsely chopped', u'1 pound chorizo sausage, casings removed and crumbled', u'1 pound shrimp, peeled and deveined']",736,45.7,55.7,202,1204
73,spanish,Empanadas,4.57,363,"[u'1/2 cup butter, softened', u'1 (3 ounce) package cream cheese', u'1 cup sifted all-purpose flour', u'1 cup fruit preserves', u'1/3 cup white sugar', u'1 teaspoon ground cinnamon']",226,32.1,1.8,28,84
74,spanish,Espinacas con Garbanzos (Spinach with Garbanzo Beans),4.44,290,"[u'1 tablespoon extra-virgin olive oil', u'4 cloves garlic, minced', u'1/2 onion, diced', u'1 (10 ounce) box frozen chopped spinach, thawed and drained well', u'1 (12 ounce) can garbanzo beans, drained', u'1/2 teaspoon cumin', u'1/2 teaspoon salt']",169,26,7.3,0,600
75,spanish,Gazpacho,4.34,177,"[u'4 cups tomato juice', u'1 onion, minced', u'1 green bell pepper, minced', u'1 cucumber, chopped', u'2 cups chopped tomatoes', u'2 green onions, chopped', u'1 clove garlic, minced', u'3 tablespoons fresh lemon juice', u'2 tablespoons red wine vinegar', u'1 teaspoon dried tarragon', u'1 teaspoon dried basil', u'1/4 cup chopped fresh parsley', u'1 teaspoon white sugar', u'salt and pepper to taste']",39,9.2,1.6,0,305
76,spanish,Avocado and Tuna Tapas,4.67,164,"[u'1 (12 ounce) can solid white tuna packed in water, drained', u'1 tablespoon mayonnaise', u'3 green onions, thinly sliced, plus additional for garnish', u'1/2 red bell pepper, chopped', u'1 dash balsamic vinegar', u'black pepper to taste', u'1 pinch garlic salt, or to taste', u'2 ripe avocados, halved and pitted']",294,11,23.9,27,154
77,spanish,Spanish Potato Omelet,4.47,152,"[u'1/2 cup olive oil', u'1/2 pound potatoes, thinly sliced', u'salt and pepper to taste', u'1 large onion, thinly sliced', u'4 eggs', u'salt and pepper to taste', u'2 tomatoes - peeled, seeded, and coarsely chopped', u'2 green onions, chopped']",252,10.7,5.4,124,54
78,spanish,Chef John's Chicken and Rice,4.55,148,"[u'1 whole chicken, cut into serving pieces', u'salt and freshly ground black pepper to taste', u'3 tablespoons olive oil, divided', u'1/2 cup water', u'1 onion, diced', u'1/3 cup sliced green olives', u'4 cloves garlic, thinly sliced', u'2 tablespoons smoked paprika', u'2 tablespoons capers', u'1 tablespoon ground cumin', u'1 teaspoon dried oregano', u'1/4 teaspoon cayenne pepper', u'1 red bell pepper, diced', u'1 green bell pepper, diced', u'2 teaspoons white sugar', u'2 teaspoons kosher salt', u'1/4 cup tomato paste', u'2 cups long grain white rice', u'4 cups chicken broth']",474,45.1,28.9,77,1329
79,spanish,Paella I,4.47,125,"[u'4 tablespoons olive oil', u'1 onion, chopped', u'2 cloves garlic, minced', u'1 red bell pepper, chopped', u'4 ounces Spanish chorizo (cured spiced pork sausage), casing discarded and sausage cut into 1/4-inch dice', u'2 skinless, boneless chicken breast halves - cut into 1 inch cubes', u'1 (12 ounce) package uncooked Arborio rice', u'5 cups chicken broth', u'1/2 cup white wine', u'1 sprig fresh thyme', u'1 pinch saffron', u'salt to taste', u'ground black pepper to taste', u'2 squid, cleaned and cut into 1 inch pieces', u'2 tomatoes, seeded and chopped', u'1/2 cup frozen green peas', u'12 large shrimp, peeled and deveined', u'1 pound mussels, cleaned and debearded', u'1/4 cup chopped Italian flat leaf parsley', u'8 slices lemon, for garnish']",524,56.6,28.8,106,1162
94,greek,Beef Stifado,4.32,23,"[u'2 tablespoons butter', u'1 tablespoon olive oil, divided', u'2 pounds beef stew meat, cubed', u'1 medium onion, chopped', u'2 cloves garlic, minced', u'1/2 cup red wine', u'1/4 teaspoon ground cinnamon', u'salt and pepper to taste', u'1/4 teaspoon ground nutmeg', u'1 teaspoon white sugar', u'1 strip (4- by 1-inch) fresh orange zest', u'1 (14.5 ounce) can diced tomatoes', u'1/2 cup water', u'1 tablespoon olive oil', u'1 pound pearl onions, peeled']",544,20.6,31.7,112,715
95,greek,Moussaka,4.44,432,"[u'3 eggplants, peeled and cut lengthwise into 1/2 inch thick slices', u'salt', u'1/4 cup olive oil', u'1 tablespoon butter', u'1 pound lean ground beef', u'salt to taste', u'ground black pepper to taste', u'2 onions, chopped', u'1 clove garlic, minced', u'1/4 teaspoon ground cinnamon', u'1/4 teaspoon ground nutmeg', u'1/2 teaspoon fines herbs', u'2 tablespoons dried parsley', u'1 (8 ounce) can tomato sauce', u'1/2 cup red wine', u'1 egg, beaten', u'4 cups milk', u'1/2 cup butter', u'6 tablespoons all-purpose flour', u'salt to taste', u'ground white pepper, to taste', u'1 1/2 cups freshly grated Parmesan cheese', u'1/4 teaspoon ground nutmeg']",567,29.1,23.6,123,1017
96,greek,Greek Lentil Soup (Fakes),4.57,396,"[u'8 ounces brown lentils', u'1/4 cup olive oil', u'1 tablespoon minced garlic', u'1 onion, minced', u'1 large carrot, chopped', u'1 quart water', u'1 pinch dried oregano', u'1 pinch crushed dried rosemary', u'2 bay leaves', u'1 tablespoon tomato paste', u'salt and ground black pepper to taste', u'1 teaspoon olive oil, or to taste', u'1 teaspoon red wine vinegar, or to taste (optional)']",357,40.3,15.5,0,57
97,greek,Marinated Greek Chicken Kabobs,4.41,199,"[u'1 (8 ounce) container fat-free plain yogurt', u'1/3 cup crumbled feta cheese with basil and sun-dried tomatoes', u'1/2 teaspoon lemon zest', u'2 tablespoons fresh lemon juice', u'2 teaspoons dried oregano', u'1/2 teaspoon salt', u'1/4 teaspoon ground black pepper', u'1/4 teaspoon crushed dried rosemary', u'1 pound skinless, boneless chicken breast halves - cut into 1 inch pieces', u'1 large red onion, cut into wedges', u'1 large green bell pepper, cut into 1 1/2 inch pieces']",243,12.3,31,85,632
98,greek,Chef John's Tzatziki Sauce,4.54,115,"[u'1 large English cucumber, peeled and grated', u'1/2 teaspoon salt', u'2 cups Greek yogurt', u'4 cloves garlic, minced', u'1 pinch cayenne pepper, or to taste', u'1/2 lemon, juiced', u'2 tablespoons chopped fresh dill', u'1 tablespoon chopped fresh mint', u'salt and ground black pepper to taste', u'1 sprig fresh dill for garnish', u'1 pinch cayenne pepper for garnish']",49,2.5,2.2,8,120
99,greek,My Own Famous Stuffed Grape Leaves,4.39,93,"[u'2 cups uncooked long-grain white rice', u'1 large onion, chopped', u'1/2 cup chopped fresh dill', u'1/2 cup chopped fresh mint leaves', u'2 quarts chicken broth', u'3/4 cup fresh lemon juice, divided', u'60 grape leaves, drained and rinsed', u'hot water as needed', u'1 cup olive oil']",303,30.9,3.6,0,573
100,greek,Yia Yia's Baklava,4.63,7,"[u'Syrup:', u'2 cups water', u'2 cups white sugar', u'4 whole cloves', u'1/2 cinnamon stick', u'1 lemon, juiced, divided', u'Filling:', u'1 pound finely chopped walnuts', u'1 cup white sugar', u'2 tablespoons ground cinnamon', u'1/2 teaspoon ground nutmeg', u'3/4 cup unsalted butter, melted, or more as needed', u'20 sheets phyllo dough']",386,44,4.9,18,95
101,greek,Shrimps Saganaki (Greek Recipe),4.44,11,"[u'1 pound medium shrimp, with shells', u'1 onion, chopped', u'2 tablespoons chopped fresh parsley', u'1 cup white wine', u'1 (14.5 ounce) can diced tomatoes, drained', u'1/4 teaspoon garlic powder (optional)', u'1/4 cup olive oil', u'1 (8 ounce) package feta cheese, cubed', u'salt and pepper to taste (optional)']",441,10.1,27.8,223,1035
102,greek,Greek Sausage: Sheftalia,4.88,7,"[u'1 pound ground pork', u'1 large onion, finely chopped', u'1/2 cup finely chopped fresh parsley', u'1 pinch salt and pepper to taste', u'1 tablespoon vinegar', u'1/2 pound caul fat', u'10 skewers']",1070,5.7,27.7,160,97
103,greek,Greek Baklava,4.83,1603,"[u'1 (16 ounce) package phyllo dough', u'1 pound chopped nuts', u'1 cup butter', u'1 teaspoon ground cinnamon', u'1 cup water', u'1 cup white sugar', u'1 teaspoon vanilla extract', u'1/2 cup honey']",393,37.5,6.1,27,196
110,french,Poulet de Provencal,4.69,43,"[u'2 teaspoons olive oil', u'1 teaspoon butter', u'2 1/2 tablespoons balsamic vinegar', u'2 teaspoons Dijon mustard', u'3 large cloves garlic, chopped', u'4 (4 ounce) skinless, boneless chicken breast halves, pounded flat', u'1/3 cup chicken stock', u'1 large shallot, chopped', u'2 cups cremini mushrooms, chopped', u'1/3 cup chicken stock', u'1/4 teaspoon herbes de Provence, crumbled', u'1 1/2 teaspoons balsamic vinegar', u'salt and ground black pepper to taste', u'2 slices provolone cheese, halved']",249,8.1,30.1,77,388
111,french,Gratin Dauphinois de Solange,4.88,7,"[u'1 clove garlic, halved', u'2 pounds potatoes, peeled and thinly sliced', u'2 1/2 cups heavy whipping cream', u'2 1/4 cups freshly grated Comte cheese', u'salt and freshly ground black pepper to taste']",627,29.5,17.2,180,209
112,french,Traditional Layered French Croissants,4.35,27,"[u'2 tablespoons all-purpose flour', u'1 1/2 cups unsalted butter, at room temperature', u'4 cups all-purpose flour, divided', u'1/2 teaspoon salt', u'3 tablespoons sugar', u'2 (.25 ounce) packages active dry yeast', u'1/4 cup lukewarm water', u'1 cup milk', u'1/2 cup heavy cream', u'1 egg', u'1 tablespoon water']",213,18.8,3.2,45,140
113,french,Cali's Sinful Creme Brulee,4.59,54,"[u'1/2 cup semi-sweet chocolate chips', u'2 cups heavy cream', u'1/4 cup white sugar', u'1 pinch salt', u'2 teaspoons vanilla extract', u'5 egg yolks', u'4 tablespoons white sugar']",680,42.6,6.6,419,58
114,french,Beef Bourguignon II,4.45,448,"[u'1/4 cup all-purpose flour', u'1 teaspoon salt', u'1/2 teaspoon ground black pepper', u'2 pounds cubed stew meat', u'4 tablespoons butter', u'1 onion, chopped', u'2 carrots, chopped', u'1 clove garlic, minced', u'2 cups red wine', u'1 bay leaf', u'3 tablespoons chopped fresh parsley', u'1/2 teaspoon dried thyme', u'1 (6 ounce) can sliced mushrooms', u'1 (16 ounce) can canned onions']",583,21.9,32.2,125,1333
115,french,Chef John's Creme Fraiche,4.85,106,"[u'2 cups heavy cream', u'3 tablespoons cultured buttermilk']",52,0.5,0.4,20,7
116,french,French Onion Soup V,4.47,197,"[u'4 onions, chopped', u'3 tablespoons butter', u'3 tablespoons all-purpose flour', u'1 teaspoon ground black pepper', u'1 teaspoon white sugar', u'3 (10.5 ounce) cans beef broth', u'1 1/4 cups water', u'1/2 teaspoon dried parsley', u'1/4 teaspoon dried thyme', u'1 cup white wine', u'1 French baguette, cut into 1/2 inch slices', u'8 ounces shredded mozzarella cheese']",476,56.1,21.8,36,1224
117,french,Chef John's Coq Au Vin,4.85,401,"[u'6 bone-in, skin-on chicken thighs', u'1 pinch kosher salt and freshly ground black pepper to taste', u'8 ounces bacon, sliced crosswise into 1/2-inch pieces', u'10 large button mushrooms, quartered', u'1/2 large yellow onion, diced', u'2 shallots, sliced', u'2 teaspoons all-purpose flour', u'2 teaspoons butter', u'1 1/2 cups red wine', u'6 sprigs fresh thyme', u'1 cup chicken broth']",337,7.9,24.4,82,582
118,french,Chicken Cordon Bleu II,4.78,4561,"[u'6 skinless, boneless chicken breast halves', u'6 slices Swiss cheese', u'6 slices ham', u'3 tablespoons all-purpose flour', u'1 teaspoon paprika', u'6 tablespoons butter', u'1/2 cup dry white wine', u'1 teaspoon chicken bouillon granules', u'1 tablespoon cornstarch', u'1 cup heavy whipping cream']",584,7.7,41.6,195,655
119,french,Creamy Au Gratin Potatoes,4.53,3830,"[u'4 russet potatoes, sliced into 1/4 inch slices', u'1 onion, sliced into rings', u'salt and pepper to taste', u'3 tablespoons butter', u'3 tablespoons all-purpose flour', u'1/2 teaspoon salt', u'2 cups milk', u'1 1/2 cups shredded Cheddar cheese']",499,49.3,19.8,77,683
137,german,Cinnamon Stars,3.87,40,"[u'2 2/3 cups finely ground almonds', u'1 tablespoon ground cinnamon', u'1 teaspoon lemon zest', u'1/3 cup egg whites', u'1/8 teaspoon salt', u""2 1/2 cups confectioners' sugar"", u'1 3/4 teaspoons lemon juice']",190,21.2,5,0,24
138,german,Jaeger Schnitzel,4.23,43,"[u'2 pounds boneless pork chops, cubed', u'oil for frying', u'2 eggs, beaten', u'plain bread crumbs', u'3 (1 ounce) packages dry mushroom gravy mix', u'1 pound fresh mushrooms, coarsely chopped', u'1 (16 ounce) package dry egg noodles']",455,53.5,38.6,169,828
139,german,Crispy Roasted Chicken,4.66,69,"[u'1 teaspoon kosher salt', u'1/2 teaspoon caraway seeds', u'1/2 teaspoon dried sage', u'1/4 teaspoon fennel seeds', u'1/4 teaspoon coriander seeds', u'1/4 teaspoon dried rosemary', u'2 tablespoons paprika', u'2 teaspoons garlic powder', u'2 teaspoons all-purpose flour', u'1 teaspoon onion powder', u'5 tablespoons vegetable oil', u'1 (4 pound) broiler-fryer chicken, cut in half lengthwise']",495,3.1,41.5,129,446
140,german,Uli's Apple Red Cabbage,4.61,32,"[u'4 tablespoons butter', u'1/2 cup thick-cut bacon, diced', u'1/2 cup diced onion', u'2 cups chicken broth', u'1/2 cup red wine, or to taste', u'1 large apple, peeled and sliced', u'2 tablespoons apple cider vinegar, or to taste', u'2 teaspoons white sugar, or to taste', u'4 whole cloves', u'3 bay leaves', u'1/4 teaspoon ground nutmeg, or to taste', u'1 pinch ground cinnamon, or to taste', u'salt and ground pepper to taste', u'2 1/4 pounds shredded red cabbage']",151,16.2,3.7,21,402
141,german,Lengenberg's Boiled Potatoes,4.4,13,"[u'2 1/4 pounds medium yellow-flesh potatoes (such as Yukon gold), scrubbed, eyes removed', u'1 pinch salt', u'1/3 cup chopped fresh parsley']",204,46.2,5.4,0,57
142,german,German Spaetzle Dumplings,4.5,476,"[u'1 cup all-purpose flour', u'1/4 cup milk', u'2 eggs', u'1/2 teaspoon ground nutmeg', u'1 pinch freshly ground white pepper', u'1/2 teaspoon salt', u'1 gallon hot water', u'2 tablespoons butter', u'2 tablespoons chopped fresh parsley']",141,16.8,4.7,73,269
143,german,Bee Sting Cake (Bienenstich) II,3.74,32,"[u'1 5/8 cups all-purpose flour', u'1 tablespoon active dry yeast', u'2 tablespoons white sugar', u'1 pinch salt', u'3/4 cup lukewarm milk', u'3 tablespoons butter', u'3 tablespoons butter', u""1 1/2 tablespoons confectioners' sugar"", u'1 tablespoon milk', u'5/8 cup sliced almonds', u'1 tablespoon honey (optional)', u'1 1/2 cups milk', u'1/3 cup cornstarch', u'1 tablespoon white sugar', u'1 egg, beaten', u'1 teaspoon almond extract', u'1 cup heavy whipping cream', u'1/2 tablespoon cream of tartar']",226,20.2,4.9,46,56
144,german,Semmelknoedel (Bread Dumplings),4.51,70,"[u'1 (1 pound) loaf stale French bread, cut into 1 inch cubes', u'1 cup milk', u'2 tablespoons butter', u'1 onion, finely chopped', u'1 tablespoon chopped fresh parsley', u'2 eggs', u'1/2 teaspoon salt', u'1 pinch ground black pepper', u'1/2 cup dry bread crumbs (optional)']",506,78.8,20.5,113,1220
145,german,Kaiserschmarren,4.5,12,"[u'4 eggs, separated', u'1/2 cup milk', u'1/2 cup white sugar', u'1 pinch salt', u'1 cup all-purpose flour', u'2/3 cup raisins (optional)', u'1 tablespoon butter', u""2 tablespoons confectioners' sugar"", u'2 cups applesauce (optional)']",472,89.9,11.6,196,109
146,german,Juicy Roasted Chicken,4.71,2497,"[u'1 (3 pound) whole chicken, giblets removed', u'salt and black pepper to taste', u'1 tablespoon onion powder, or to taste', u'1/2 cup margarine, divided', u'1 stalk celery, leaves removed']",423,1.2,30.9,97,662
162,portuguese,Portuguese Kale Soup,4.36,54,"[u'1/2 pound dried white pea beans', u'1/2 pound chorizo sausage, thinly sliced', u'1 pound beef soup bones', u'1 quart water', u'1 medium head cabbage, chopped', u'2 bunches kale - rinsed, dried and chopped', u'5 potatoes, peeled and cubed', u'1 quart hot water or as needed', u'salt and pepper to taste']",302,42.2,14.9,20,321
163,portuguese,Captain Duarte's Salt Cod Cakes,4.39,26,"[u'1 pound salted cod fish', u'2 large potatoes, peeled and cubed', u'1 teaspoon seafood seasoning', u'ground black pepper to taste', u'1/2 cup chopped fresh parsley', u'2 eggs, beaten', u'1 large onion, finely chopped', u'1/2 cup all-purpose flour', u'1/4 cup olive oil for frying']",395,32.3,53.6,177,5436
164,portuguese,Arroz de Braga (Portuguese Rice),4.25,4,"[u'2 tablespoons oil', u'1 onion, chopped', u'1/2 pound chicken thighs, cut into pieces', u'1/2 pound chicken drumsticks, boned and cut into pieces', u'7 ounces cubed cooked ham', u'2 smoked pork sausages, sliced', u'2 links pork sausage, casings removed and sliced', u'3 cups rice, rinsed and drained', u'4 tomatoes, chopped', u'1 red bell pepper, sliced', u'2 spring onions, chopped', u'2 teaspoons salt', u'1 teaspoon chopped fresh parsley', u'6 cups water', u'2 cubes chicken bouillon', u'3 leaves cabbage, sliced', u'1 tablespoon olive oil, or to taste']",539,61.5,26.2,65,1490
165,portuguese,Portuguese Shrimp,4.7,10,"[u'1 tablespoon extra-virgin olive oil, or more as needed', u'1 onion, chopped', u'3 cloves garlic, minced', u'1 (12 fluid ounce) can ale, divided', u'5 sprigs parsley, stemmed and chopped', u'2 teaspoons tomato paste', u'2 teaspoons Portuguese hot pepper sauce (pimenta)', u'1 cube chicken bouillon', u'1 teaspoon ground paprika', u'2 pounds unpeeled large shrimp, deveined', u'1 teaspoon kosher salt']",147,6.3,19.9,173,614
166,portuguese,Bacalhau Portuguese ao Forno (Salt Cod with Tomatoes and Olives),5,1,"[u'2 pounds salted cod fish', u'2 lemons, juiced', u'salt to taste', u'1 pound potatoes, cut into thick slices', u'2 large onions, cut into 8 wedges', u'3 tomatoes, cut into 8 wedges', u'2 fresh bay leaves', u'2 tablespoons olive oil', u'1/4 cup chopped black olives', u'2 tablespoons chopped parsley, or to taste']",433,16,73.4,173,8042
167,portuguese,Mom's Portuguese Beef Stew,4.41,29,"[u'2 tablespoons extra-virgin olive oil', u'1 pound beef stew meat, cut into cubes', u'1 tablespoon all-purpose flour', u'8 cloves garlic, minced', u'2 bay leaves', u'1 pinch ground black pepper', u'1 pinch salt', u'1 onion, chopped', u'1 green bell pepper, chopped', u'1 carrot, chopped', u'1 pinch paprika', u'1/2 fresh tomato, chopped', u'1 cup white wine', u'1 cup water', u'2 sprigs fresh parsley', u'3 red potatoes, peeled and cubed', u'1 sweet potato, peeled and cubed', u'1 (14.5 ounce) can green beans, drained']",398,37.9,27.4,65,279
168,portuguese,Portuguese Sweet Bread I,4.71,422,"[u'1 cup milk', u'1 egg', u'2 tablespoons margarine', u'1/3 cup white sugar', u'3/4 teaspoon salt', u'3 cups bread flour', u'2 1/2 teaspoons active dry yeast']",56,6.9,1.5,17,181
169,portuguese,Portuguese Custard Tarts - Pasteis de Nata,4.39,105,"[u'1 cup milk', u'3 tablespoons cornstarch', u'1/2 vanilla bean', u'1 cup white sugar', u'6 egg yolks', u'1 (17.5 ounce) package frozen puff pastry, thawed']",336,38.7,5,104,114
170,portuguese,Queijadas,4.44,110,"[u'3 eggs', u'2 cups white sugar', u'3 tablespoons butter', u'3/4 cup all-purpose flour', u'2 cups milk', u'1/2 teaspoon vanilla extract']",148,27.5,2.5,38,37
171,portuguese,Caldo Verde (Portuguese Green Soup),4.35,85,"[u'4 tablespoons olive oil, divided', u'1 onion, minced', u'1 clove garlic, minced', u'6 potatoes, peeled and thinly sliced', u'2 quarts cold water', u'6 ounces linguica sausage, thinly sliced', u'2 1/2 teaspoons salt', u'ground black pepper to taste', u'1 pound kale, rinsed and julienned']",402,45.2,11.7,25,1352
239,chinese,Kung Pao Chicken,4.29,903,"[u'1 pound skinless, boneless chicken breast halves - cut into chunks', u'2 tablespoons white wine', u'2 tablespoons soy sauce', u'2 tablespoons sesame oil, divided', u'2 tablespoons cornstarch, dissolved in 2 tablespoons water', u'1 ounce hot chile paste', u'1 teaspoon distilled white vinegar', u'2 teaspoons brown sugar', u'4 green onions, chopped', u'1 tablespoon chopped garlic', u'1 (8 ounce) can water chestnuts', u'4 ounces chopped peanuts']",437,25.3,34.4,66,596
240,chinese,Pan-Fried Chinese Pancakes,3.75,13,"[u'1/4 teaspoon salt', u'3/4 cup warm water', u'1 cup all-purpose flour', u'1/4 teaspoon vegetable oil (optional)', u'1/4 cup all-purpose flour', u'1 tablespoon vegetable oil', u'1 tablespoon Asian (toasted) sesame oil, or as needed', u'1/2 cup finely chopped green onion', u'1 tablespoon vegetable oil, or as needed']",120,15.4,2.1,0,75
241,chinese,Chinese Lion's Head Soup,4.64,85,"[u'1 pound ground pork', u'1 egg', u'1 tablespoon cornstarch', u'2 teaspoons sesame oil', u'1 tablespoon minced fresh ginger root', u'1/4 teaspoon monosodium glutamate (MSG) (optional)', u'1 teaspoon salt', u'2 green onions, chopped and divided', u'1 tablespoon vegetable oil', u'1 head napa cabbage, cored and cut into chunks', u'2 cups low-sodium chicken broth', u'2 cups water, or as needed', u'1 tablespoon soy sauce', u'2 teaspoons sesame oil']",431,7.1,24.1,130,991
242,chinese,Pork Dumplings,4.58,244,"[u'100 (3.5 inch square) wonton wrappers', u'1 3/4 pounds ground pork', u'1 tablespoon minced fresh ginger root', u'4 cloves garlic, minced', u'2 tablespoons thinly sliced green onion', u'4 tablespoons soy sauce', u'3 tablespoons sesame oil', u'1 egg, beaten', u'5 cups finely shredded Chinese cabbage']",752,81.1,39.2,129,1449
243,chinese,Chinese Spareribs,4.35,89,"[u'3 tablespoons hoisin sauce', u'1 tablespoon ketchup', u'1 tablespoon honey', u'1 tablespoon soy sauce', u'1 tablespoon sake', u'1 teaspoon rice vinegar', u'1 teaspoon lemon juice', u'1 teaspoon grated fresh ginger', u'1/2 teaspoon grated fresh garlic', u'1/4 teaspoon Chinese five-spice powder', u'1 pound pork spareribs']",503,23,30.4,121,1015
244,chinese,Sweet and Sour Chicken I,4.51,911,"[u'1 (8 ounce) can pineapple chunks, drained (juice reserved)', u'1/4 cup cornstarch', u'1 3/4 cups water, divided', u'3/4 cup white sugar', u'1/2 cup distilled white vinegar', u'2 drops orange food color', u'8 skinless, boneless chicken breast halves - cut into 1 inch cubes', u'2 1/4 cups self-rising flour', u'2 tablespoons vegetable oil', u'2 tablespoons cornstarch', u'1/2 teaspoon salt', u'1/4 teaspoon ground white pepper', u'1 egg', u'1 1/2 cups water', u'1 quart vegetable oil for frying', u'2 green bell pepper, cut into 1 inch pieces']",639,56.2,59.2,160,759
245,chinese,Fun Karnal (Beef and Broccoli),4.15,10,"[u'2 1 1/2-inch-thick New York strip steaks, cut into 1-inch pieces', u'2 teaspoons dried minced onion', u'1/4 teaspoon minced garlic', u'1 tablespoon soy sauce (optional)', u'2 cups white rice', u'4 cups water', u'2 tablespoons vegetable oil', u'1/2 cup canned sliced bamboo shoots, drained', u'1/2 cup canned sliced mushrooms, drained (optional)', u'1/4 cup chopped green onion', u'1/2 green bell pepper, thinly sliced', u'1/2 teaspoon red pepper flakes (optional)', u'3 tablespoons soy sauce', u'1 cup broccoli florets', u'1/4 cup sugar snap peas (optional)', u'2 teaspoons cornstarch', u'2 tablespoons water', u'1/2 (10 fluid ounce) bottle oyster sauce', u'1/4 cup chopped green onion']",638,86.6,27.9,59,2001
246,chinese,Chinese Green Bean Stir-Fry,3.99,64,"[u'1 cup vegetable oil', u'13 pounds fresh green beans, trimmed', u'5 tablespoons minced garlic', u'5 tablespoons minced fresh ginger root', u'2 tablespoons kosher salt', u'1 tablespoon coarsely ground black pepper', u'2 (8 ounce) bottles black bean sauce']",107,12.3,3.1,0,368
247,chinese,Honey Walnut Shrimp,4.51,376,"[u'1 cup water', u'2/3 cup white sugar', u'1/2 cup walnuts', u'4 egg whites', u'2/3 cup mochiko (glutinous rice flour)', u'1/4 cup mayonnaise', u'1 pound large shrimp, peeled and deveined', u'2 tablespoons honey', u'1 tablespoon canned sweetened condensed milk', u'1 cup vegetable oil for frying']",605,68,26.1,179,340
248,chinese,Szechwan Shrimp,4.43,2118,"[u'4 tablespoons water', u'2 tablespoons ketchup', u'1 tablespoon soy sauce', u'2 teaspoons cornstarch', u'1 teaspoon honey', u'1/2 teaspoon crushed red pepper', u'1/4 teaspoon ground ginger', u'1 tablespoon vegetable oil', u'1/4 cup sliced green onions', u'4 cloves garlic, minced', u'12 ounces cooked shrimp, tails removed']",142,6.7,18.3,164,500
268,thai,Yam Taeng (Spicy Cucumber Salad),5,1,"[u'3 cucumbers - peeled, seeded, and grated', u'3 tablespoons crushed dried shrimp', u'2/3 pound long beans, sliced thin and mashed', u'5 cherry tomatoes, halved', u'5 Thai chilies, sliced thin', u'1 tablespoon palm sugar', u'2 tablespoons fish sauce', u'juice of 1 lime, or more to taste', u'3 tablespoons roasted peanuts, chopped']",347,57.9,22.5,8,625
269,thai,Pad Kee Mow (Drunkard's Noodles),4.49,31,"[u'1/4 cup rice vinegar', u'1/4 cup fish sauce', u'1/2 small lime, juiced', u'1 tablespoon palm sugar', u'1 tablespoon red pepper flakes, or more to taste', u'1 teaspoon ground black pepper', u'2 skinless, boneless chicken breast halves, thinly sliced', u'1 (16 ounce) package fresh rice noodles', u'warm water, as needed', u'3 tablespoons vegetable oil', u'4 cloves garlic, finely chopped', u'1/2 yellow onion, sliced', u'1/2 cup oyster sauce', u'2 tablespoons soy sauce', u'1 red bell pepper, sliced', u'2 small tomatoes, seeded and sliced', u'4 green onions, chopped', u'2 cups fresh Thai basil leaves']",301,44.9,11.8,20,1204
270,thai,Thai Sweet Sticky Rice With Mango (Khao Neeo Mamuang),4.52,184,"[u'1 1/2 cups uncooked short-grain white rice', u'2 cups water', u'1 1/2 cups coconut milk', u'1 cup white sugar', u'1/2 teaspoon salt', u'1/2 cup coconut milk', u'1 tablespoon white sugar', u'1/4 teaspoon salt', u'1 tablespoon tapioca starch', u'3 mangos, peeled and sliced', u'1 tablespoon toasted sesame seeds']",817,144.3,8.4,0,458
271,thai,Thai Carrot Salad,4.82,10,"[u'1 pound carrots, coarsely grated', u'1 cup white sugar', u'1/2 cup water', u'1/2 cup rice vinegar', u'2 tablespoons minced garlic', u'2 tablespoons Thai fish sauce', u'1 1/2 teaspoons Thai red curry paste', u'2 tablespoons lime juice', u'1 tablespoon red pepper flakes (optional)', u'1/2 cup finely chopped unsalted peanuts']",183,34.3,3.5,0,332
272,thai,Thai Chicken Satay,4.33,45,"[u'1/2 cup canned coconut milk', u'1 1/2 teaspoons ground coriander', u'1 teaspoon yellow curry powder', u'1 teaspoon fish sauce', u'1/2 teaspoon chili oil', u'1 pound skinless, boneless chicken breast halves - cut into strips', u'1 tablespoon chopped fresh cilantro', u'1 tablespoon chopped unsalted peanuts', u'12 wooden skewers, soaked in water for 15 minutes', u'1 cup prepared Thai peanut sauce']",391,9.3,35.4,66,315
273,thai,Thai Red Curry Paste,4,2,"[u'5 dried red chile peppers, or to taste', u'2 onions, cut into chunks', u'2 tablespoons chopped fresh cilantro', u'1 tablespoon vegetable oil, or more as needed', u'1 tablespoon chopped garlic', u'1 tablespoon ground coriander', u'2 teaspoons lemon zest', u'2 teaspoons ground cumin', u'2 teaspoons shrimp paste', u'2 teaspoons paprika', u'1 teaspoon whole black peppercorns', u'1 teaspoon lemon grass powder', u'1 teaspoon ground turmeric', u'1 teaspoon salt']",103,15,2.6,2,593
274,thai,Curried Coconut Chicken,4.49,2564,"[u'2 pounds boneless skinless chicken breasts, cut into 1/2-inch chunks', u'1 teaspoon salt and pepper, or to taste', u'1 1/2 tablespoons vegetable oil', u'2 tablespoons curry powder', u'1/2 onion, thinly sliced', u'2 cloves garlic, crushed', u'1 (14 ounce) can coconut milk', u'1 (14.5 ounce) can stewed, diced tomatoes', u'1 (8 ounce) can tomato sauce', u'3 tablespoons sugar']",375,16.7,32.2,78,807
275,thai,Peanut Butter Noodles,4.47,1076,"[u'1/2 cup chicken broth', u'1 1/2 tablespoons minced fresh ginger root', u'3 tablespoons soy sauce', u'3 tablespoons peanut butter', u'1 1/2 tablespoons honey', u'2 teaspoons hot chile paste (optional)', u'3 cloves garlic, minced', u'8 ounces Udon noodles', u'1/4 cup chopped green onions', u'1/4 cup chopped peanuts']",330,46.8,10.7,0,1188
276,thai,The Best Thai Coconut Soup,4.62,854,"[u'1 tablespoon vegetable oil', u'2 tablespoons grated fresh ginger', u'1 stalk lemon grass, minced', u'2 teaspoons red curry paste', u'4 cups chicken broth', u'3 tablespoons fish sauce', u'1 tablespoon light brown sugar', u'3 (13.5 ounce) cans coconut milk', u'1/2 pound fresh shiitake mushrooms, sliced', u'1 pound medium shrimp - peeled and deveined', u'2 tablespoons fresh lime juice', u'salt to taste', u'1/4 cup chopped fresh cilantro']",368,8.9,13.2,86,579
277,thai,Pad Thai,3.93,508,"[u'1 (12 ounce) package rice noodles', u'2 tablespoons butter', u'1 pound boneless, skinless chicken breast halves, cut into bite-sized pieces', u'1/4 cup vegetable oil', u'4 eggs', u'1 tablespoon white wine vinegar', u'2 tablespoons fish sauce', u'3 tablespoons white sugar', u'1/8 tablespoon crushed red pepper', u'2 cups bean sprouts', u'1/4 cup crushed peanuts', u'3 green onions, chopped', u'1 lemon, cut into wedges']",524,58.5,26.4,178,594
362,indian,Roti Canai/Paratha (Indian Pancake),5,1,"[u'3/4 cup warm water', u'1 teaspoon salt', u'1 pinch white sugar', u'4 3/4 cups all-purpose flour', u'3 1/2 tablespoons clarified butter (ghee)', u'1 egg', u'1 teaspoon water', u'2 tablespoons ghee (clarified butter), divided']",357,56.8,8.5,46,302
363,indian,Black Chana with Potato,5,1,"[u'1 cup dried black chickpeas (garbanzo beans)', u'1 1/2 teaspoons salt, divided', u'1/2 teaspoon baking soda', u'1 quart water', u'1 onion, chopped', u'1 clove garlic, chopped, or more to taste', u'1 (1 inch) piece chopped fresh ginger', u'3 tablespoons water', u'3 tablespoons vegetable oil', u'1/4 teaspoon cumin seeds', u'2 pinches asafoetida powder', u'4 potatoes, peeled and quartered', u'1 teaspoon ground coriander', u'1 teaspoon garam masala', u'1/4 teaspoon ground turmeric', u'1/4 teaspoon cayenne pepper', u'2 cups water', u'3 tablespoons tamarind paste, or more to taste']",320,52.2,9.8,0,714
364,indian,Tomato Cucumber Kachumbar,4.8,4,"[u'1 cup halved grape tomatoes', u'1 cup diced cucumber', u'1/2 cup chopped green onions', u'1/2 cup chopped fresh cilantro', u'1 tablespoon fresh lemon juice', u'1 tablespoon chopped fresh mint', u'salt and ground black pepper to taste']",20,4.6,0.9,0,48
365,indian,Red Split Lentils (Masoor Dal),4,9,"[u'1 cup basmati rice', u'7 1/2 cups water, divided', u'1 cup red lentils (masoor dal), rinsed', u'1/2 cup finely chopped red onion (optional)', u'1 teaspoon ground cumin', u'1 teaspoon ground coriander', u'1 teaspoon salt, or to taste', u'1/2 teaspoon ground black pepper (optional)', u'1/2 teaspoon cayenne powder (optional)', u'1/2 teaspoon ground turmeric', u'1 cup broccoli florets (optional)', u'1 cup diced tomatoes (optional)', u'1 cup frozen peas (optional)', u'1 tablespoon olive oil, or as needed', u'1 cup sliced mushrooms (optional)', u'1 tablespoon peeled, finely grated fresh ginger', u'2 cloves garlic, finely grated']",282,50.8,13.4,0,437
366,indian,Coconut Chutney,4.38,5,"[u'1/2 fresh whole coconut, drained and grated', u'1/2 cup plain yogurt', u'1 tablespoon vegetable oil', u'3 fresh red chili peppers, chopped', u'1/2 teaspoon mustard seed', u'1/4 teaspoon cumin seeds']",121,6.5,2,< 1,17
367,indian,Tamarind Sauce Fish Curry,5,4,"[u'2 pounds white carp, cut into large chunks', u'1 tablespoon vegetable oil', u'1 tablespoon red chile powder', u'1 tablespoon ground turmeric', u'1 1/2 teaspoons salt', u'1/4 cup tamarind pulp', u'1 cup warm water', u'1/4 cup oil', u'1/2 teaspoon cumin seeds', u'1 large onion, minced', u'1 1/2 tablespoons garlic paste', u'2 tablespoons red chile powder', u'2 tablespoons ground coriander', u'1 pinch salt to taste', u'1 tablespoon chopped fresh coriander (cilantro), or to taste']",359,12.5,28.4,99,856
368,indian,Kashmiri Lamb,4.62,37,"[u'4 dried red chile peppers (such as cayenne)', u'3 long, green fresh chile peppers (such as Indian Jwala)', u'1 teaspoon cumin seeds', u'1 teaspoon Kashmiri garam masala', u'1 (1 inch) piece fresh ginger root, peeled and grated', u'5 cloves garlic, crushed', u'1/4 cup dried unsweetened coconut', u'3 tomatoes, chopped', u'6 tablespoons vegetable oil', u'2 large onions, thinly sliced', u'2 pounds lamb meat, cut into 1 1/2-inch cubes', u'salt to taste', u'1/2 teaspoon ground turmeric', u'1 cup plain yogurt', u'1/2 teaspoon saffron threads', u'20 whole blanched almonds', u'1/4 cup chopped fresh cilantro']",489,16.1,28.1,88,132
369,indian,Chicken Tikka Masala,4.39,2169,"[u'1 cup yogurt', u'1 tablespoon lemon juice', u'2 teaspoons fresh ground cumin', u'1 teaspoon ground cinnamon', u'2 teaspoons cayenne pepper', u'2 teaspoons freshly ground black pepper', u'1 tablespoon minced fresh ginger', u'1 teaspoon salt, or to taste', u'3 boneless skinless chicken breasts, cut into bite-size pieces', u'4 long skewers', u'1 tablespoon butter', u'1 clove garlic, minced', u'1 jalapeno pepper, finely chopped', u'2 teaspoons ground cumin', u'2 teaspoons paprika', u'1 teaspoon salt, or to taste', u'1 (8 ounce) can tomato sauce', u'1 cup heavy cream', u'1/4 cup chopped fresh cilantro']",404,13.3,24.6,143,1592
370,indian,Naan,4.71,1741,"[u'1 (.25 ounce) package active dry yeast', u'1 cup warm water', u'1/4 cup white sugar', u'3 tablespoons milk', u'1 egg, beaten', u'2 teaspoons salt', u'4 1/2 cups bread flour', u'2 teaspoons minced garlic (optional)', u'1/4 cup butter, melted']",52,4.1,0.8,22,363
371,indian,Curry Stand Chicken Tikka Masala Sauce,4.91,1188,"[u'2 tablespoons ghee (clarified butter)', u'1 onion, finely chopped', u'4 cloves garlic, minced', u'1 tablespoon ground cumin', u'1 teaspoon salt', u'1 teaspoon ground ginger', u'1 teaspoon cayenne pepper', u'1/2 teaspoon ground cinnamon', u'1/4 teaspoon ground turmeric', u'1 (14 ounce) can tomato sauce', u'1 cup heavy whipping cream', u'2 teaspoons paprika', u'1 tablespoon white sugar', u'1 tablespoon vegetable oil', u'4 skinless, boneless chicken breast halves, cut into bite-size pieces', u'1/2 teaspoon curry powder', u'1/2 teaspoon salt, or to taste (optional)', u'1 teaspoon white sugar, or to taste (optional)']",328,13.2,17.9,106,980
465,mexican,Carnitas - Pressure Cooker,4.89,143,"[u'1 (6 pound) pork butt roast', u'1 1/2 tablespoons salt', u'1 tablespoon dried oregano', u'2 teaspoons ground cumin', u'1 teaspoon ground black pepper', u'1/2 teaspoon chile powder', u'1/2 teaspoon paprika', u'2 tablespoons olive oil, or more to taste', u'1 cup orange juice', u'1 onion, coarsely chopped', u'4 cloves garlic, diced, or more to taste']",154,2.4,11.8,43,471
466,mexican,Agua Fresca de Pepino (Cucumber Limeade),4.77,18,"[u'5 cups water, or to taste', u'3 cucumbers, peeled and chopped', u'1/2 cup freshly squeezed lime juice', u'1/4 cup granular sucralose sweetener (such as Splenda), or to taste']",5,1.7,0.1,0,6
467,mexican,Drowned Beef Sandwich with Chipotle Sauce (Torta Ahogada),4.77,11,"[u'12 ounces chipotle cooking sauce (such a Knorr)', u'1 (14 ounce) can reduced-sodium beef broth', u'1/4 cup chopped fresh cilantro (optional)', u'2 tablespoons vegetable oil', u'1 onion, thinly sliced', u'3 cloves garlic, minced', u'1 pound thinly sliced deli roast beef', u'4 bolillo rolls, halved and lightly toasted', u'4 sprigs fresh cilantro, or to taste (optional)']",569,71.1,37.1,56,2009
468,mexican,Secret Salsa,4,4,"[u'1/4 cup chopped fresh parsley', u'1/4 cup chopped fresh cilantro', u'1 lime, juiced', u'2 teaspoons salt', u'1/2 teaspoon garlic powder', u'1/2 teaspoon chili powder', u'1/2 teaspoon ground black pepper', u'1/2 teaspoon tequila', u'6 large tomatoes, chopped', u'1 small onion, diced', u'1 green bell pepper, diced']",24,5.2,1.1,0,395
469,mexican,Easy Chicken Flautas,4.68,29,"[u'1/4 cup butter', u'1/4 cup all-purpose flour', u'1/4 cup minced onion', u'1/4 cup chopped black olives', u'2 tablespoons lemon juice', u'1 tablespoon oil', u'1/4 teaspoon ground paprika', u'1/8 teaspoon ground black pepper', u'1/8 teaspoon salt', u'1 1/2 cups cooked shredded chicken', u'8 flour tortillas', u'oil for frying, or as needed', u'toothpicks']",345,31.4,12,35,367
470,mexican,Easy Mexican Sopes,4.92,10,"[u'3 cups masa harina', u'1 tablespoon salt', u'2 cups warm water, or as needed', u'1 quart oil for frying']",169,21.7,2.7,0,584
471,mexican,Jalapeno and Cucumber Margarita,4.61,27,"[u'1/2 cup tequila, or more to taste', u'1/2 cup fresh lime juice', u'1/4 cup orange liqueur', u'1/4 cup simple syrup', u'1 jalapeno pepper, halved and seeded', u'4 thin slices cucumber, or more to taste', u'4 wedges lime', u'2 tablespoons kosher salt, or as needed', u'ice, as needed', u'4 slices cucumber']",170,20.7,0.5,0,2887
472,mexican,Slow Cooker Chicken Taco Soup,4.67,5062,"[u'1 onion, chopped', u'1 (16 ounce) can chili beans', u'1 (15 ounce) can black beans', u'1 (15 ounce) can whole kernel corn, drained', u'1 (8 ounce) can tomato sauce', u'1 (12 fluid ounce) can or bottle beer', u'2 (10 ounce) cans diced tomatoes with green chilies, undrained', u'1 (1.25 ounce) package taco seasoning', u'3 whole skinless, boneless chicken breasts', u'1 (8 ounce) package shredded Cheddar cheese (optional)', u'sour cream (optional)', u'crushed tortilla chips (optional)']",434,42.3,27.2,68,1597
473,mexican,Guacamole,4.81,4365,"[u'3 avocados - peeled, pitted, and mashed', u'1 lime, juiced', u'1 teaspoon salt', u'1/2 cup diced onion', u'3 tablespoons chopped fresh cilantro', u'2 roma (plum) tomatoes, diced', u'1 teaspoon minced garlic', u'1 pinch ground cayenne pepper (optional)']",262,18,3.7,0,596
474,mexican,Taco Seasoning I,4.82,4578,"[u'1 tablespoon chili powder', u'1/4 teaspoon garlic powder', u'1/4 teaspoon onion powder', u'1/4 teaspoon crushed red pepper flakes', u'1/4 teaspoon dried oregano', u'1/2 teaspoon paprika', u'1 1/2 teaspoons ground cumin', u'1 teaspoon sea salt', u'1 teaspoon black pepper']",5,0.9,0.2,0,185
590,japanese,Sushi Roll,4.4,139,"[u'2/3 cup uncooked short-grain white rice', u'3 tablespoons rice vinegar', u'3 tablespoons white sugar', u'1 1/2 teaspoons salt', u'4 sheets nori seaweed sheets', u'1/2 cucumber, peeled, cut into small strips', u'2 tablespoons pickled ginger', u'1 avocado', u'1/2 pound imitation crabmeat, flaked']",152,25.8,3.9,6,703
591,japanese,Gyoza,4.44,135,"[u'1 tablespoon sesame oil', u'2 cups chopped cabbage', u'1/4 cup chopped onion', u'1 clove garlic, chopped', u'1/4 cup chopped carrot', u'1/2 pound ground pork', u'1 egg', u'1 tablespoon vegetable oil', u'1 (10 ounce) package wonton wrappers', u'1/4 cup water', u'1/4 cup soy sauce', u'2 tablespoons rice vinegar']",184,18.5,7.9,37,546
592,japanese,Green Tea Layer Cake,4.4,127,"[u'1 cup all-purpose flour', u'1 cup cake flour', u'1 teaspoon baking soda', u'1 teaspoon salt', u'4 teaspoons powdered green tea', u'1 1/4 cups white sugar', u'1 cup vegetable oil', u'3 eggs', u'1 cup plain yogurt', u'1 1/2 teaspoons vanilla extract', u""1 1/4 cups confectioners' sugar"", u'2 teaspoons powdered green tea', u'2 tablespoons butter, softened', u'1 (3 ounce) package cream cheese, softened', u'1/2 teaspoon vanilla extract', u'1 1/2 teaspoons milk']",449,53.2,5.4,61,366
593,japanese,Glo's Sausage Fried Rice,4.49,129,"[u'1 pound ground pork sausage', u'5 eggs, beaten', u'3 tablespoons vegetable oil', u'1/2 head cabbage, cored and shredded', u'3 carrots, chopped', u'6 cups cooked white rice, cold', u'1/4 cup soy sauce, or to taste', u'1 (14.5 ounce) can bean sprouts, drained', u'1 (6 ounce) package frozen green peas, thawed', u'ground black pepper to taste', u'3 green onions, chopped']",540,46.4,17.3,155,943
594,japanese,Quick Sesame Green Beans,4.29,111,"[u'8 ounces fresh green beans, trimmed', u'2 tablespoons low sodium soy sauce', u'1/2 tablespoon miso paste', u'1/2 teaspoon red pepper flakes', u'4 cloves garlic, minced', u'1 teaspoon grated fresh ginger root', u'1 tablespoon sesame seeds, toasted']",45,7.1,2.3,0,351
595,japanese,Japanese Ginger Salad Dressing,4.13,126,"[u'1 cup olive oil', u'1/4 cup soy sauce', u'1 lemon, juiced', u'3 cloves garlic, minced', u'3 tablespoons minced fresh ginger root', u'1 teaspoon prepared Dijon-style mustard', u'2 teaspoons honey', u'ground black pepper to taste']",170,3,0.5,0,312
596,japanese,Chicken Yakisoba,4.55,110,"[u'2 tablespoons canola oil', u'1 tablespoon sesame oil', u'2 skinless, boneless chicken breast halves - cut into bite-size pieces', u'2 cloves garlic, minced', u'2 tablespoons Asian-style chile paste', u'1/2 cup soy sauce', u'1 tablespoon canola oil', u'1/2 medium head cabbage, thinly sliced', u'1 onion, sliced', u'2 carrots, cut into matchsticks', u'1 tablespoon salt', u'2 pounds cooked yakisoba noodles', u'2 tablespoons pickled ginger, or to taste (optional)']",503,69.8,26.5,29,3868
597,japanese,Tonkatsu - Asian-Style Pork Chop,4.4,104,"[u'2 eggs', u'1 teaspoon milk', u'1/2 teaspoon minced garlic', u'salt to taste', u'1/2 teaspoon pepper', u'1 cup vegetable oil for frying', u'8 thin cut boneless pork chops', u'1 1/2 cups panko crumbs']",276,14.3,28.4,109,199
598,japanese,Sesame Crusted Mahi Mahi with Soy Shiso Ginger Butter Sauce,4.72,123,"[u'3 shallots, minced', u'2 teaspoons minced fresh ginger root', u'1 lemon, juiced', u'1/2 cup dry white wine', u'1/2 cup heavy cream', u'1/2 cup unsalted butter, chilled and cut into small cubes', u'3 tablespoons soy sauce', u'4 shiso leaves', u'coarse kosher salt', u'ground white pepper', u'2 tablespoons canola oil', u'6 (6 ounce) mahi mahi fillets', u'4 tablespoons sesame seeds', u'4 tablespoons black sesame seeds']",502,11,35.6,192,776
599,japanese,Japanese Shrimp Sauce I,3.76,112,"[u'1 cup mayonnaise', u'3 tablespoons white sugar', u'3 tablespoons rice vinegar', u'2 tablespoons melted butter', u'3/4 teaspoon paprika', u'3/8 teaspoon garlic powder']",161,3.8,0.2,12,118
687,vietnamese,Vietnamese Golden Chicken Wings,3.85,30,"[u'12 chicken wings, tips removed and wings cut in half at joint', u'2 cloves cloves garlic, peeled and coarsely chopped', u'1/2 onion, cut into chunks', u'1/4 cup soy sauce', u'1/4 cup Asian fish sauce', u'2 tablespoons fresh lemon juice', u'2 tablespoons sesame oil', u'1 teaspoon salt', u'1 teaspoon freshly ground black pepper', u'1 tablespoon garlic powder', u'1 tablespoon white sugar']",716,9.1,53,213,2781
688,vietnamese,Banh-Mi Style Vietnamese Baguette,4.49,29,"[u'2 portobello mushroom caps, sliced', u'2 teaspoons olive oil', u'salt and pepper to taste', u'1 carrot, sliced into sticks', u'1 daikon (white) radish, sliced into sticks', u'1 cup rice vinegar', u'1/2 cup fresh lime juice', u'1/2 cup cold water', u'1/2 cup chilled lime juice', u'2 teaspoons soy sauce', u'1 teaspoon nuoc mam (Vietnamese fish sauce)', u'1/2 teaspoon toasted sesame oil', u'2 tablespoons canola oil', u'2 teaspoons minced garlic', u'1/3 cup white sugar', u'1/3 cup cold water', u'1 jalapeno pepper, thinly sliced', u'8 sprigs fresh cilantro with stems', u'1 medium cucumber, sliced into thin strips', u'2 sprigs fresh Thai basil', u'2 (7 inch) French bread baguettes, split lengthwise']",760,128.4,19.5,0,1282
689,vietnamese,Nuoc Cham Sauce,4.25,23,"[u'2 cloves garlic, minced', u'1 teaspoon crushed red pepper flakes', u'3 tablespoons white sugar', u'2 tablespoons lime juice', u'4 tablespoons fish sauce', u'1 cup water']",32,7.6,0.6,0,730
690,vietnamese,Vietnamese Grilled Lemongrass Chicken,4.53,28,"[u'2 tablespoons canola oil', u'2 tablespoons finely chopped lemongrass', u'1 tablespoon lemon juice', u'2 teaspoons soy sauce', u'2 teaspoons light brown sugar', u'2 teaspoons minced garlic', u'1 teaspoon fish sauce', u'1 1/2 pounds chicken thighs, or more to taste, pounded to an even thickness']",308,3.9,29,105,339
691,vietnamese,Vietnamese Spring Rolls With Dipping Sauce,4.61,21,"[u'1/4 cup white vinegar', u'1/4 cup fish sauce', u'2 tablespoons white sugar', u'2 tablespoons lime juice', u'1 clove garlic, minced', u'1/4 teaspoon red pepper flakes', u'2 ounces rice vermicelli', u'8 large shrimp, peeled and deveined', u'4 rice wrappers (8.5 inch diameter)', u'2 leaves lettuce, chopped', u'3 tablespoons finely chopped fresh mint leaves', u'3 tablespoons finely chopped cilantro', u'4 teaspoons finely chopped Thai basil']",137,22.5,10.1,64,1170
692,vietnamese,Vietnamese Chicken Salad,4.58,25,"[u'1 tablespoon finely chopped green chile peppers', u'1 tablespoon rice vinegar', u'2 tablespoons fresh lime juice', u'3 tablespoons Asian fish sauce', u'3 cloves garlic, minced', u'1 tablespoon white sugar', u'1 tablespoon Asian (toasted) sesame oil', u'2 tablespoons vegetable oil', u'1 teaspoon black pepper', u'2 cooked skinless boneless chicken breast halves, shredded', u'1/2 head cabbage, cored and thinly sliced', u'1 carrot, cut into matchsticks', u'1/3 onion, finely chopped', u'1/3 cup finely chopped dry roasted peanuts', u'1/3 cup chopped fresh cilantro']",303,19.3,19.2,37,991
693,vietnamese,Braised Green Beans with Fried Tofu,4.21,25,"[u'2 tablespoons white sugar', u'3 tablespoons soy sauce', u'1 cup dry white wine', u'1/2 cup chicken broth', u'1 (14 ounce) package tofu, drained', u'salt and pepper to taste', u'1 tablespoon cornstarch', u'3 cups oil for frying, or as needed', u'1 onion, chopped', u'4 plum tomatoes, sliced into thin wedges', u'12 ounces fresh green beans, trimmed and cut into 3 inch pieces', u'1 cup bamboo shoots, drained and sliced', u'1 cup chicken broth, or as needed', u'2 tablespoons cornstarch', u'3 tablespoons water']",380,28.2,11.7,0,699
694,vietnamese,Pho Ga Soup,4.5,25,"[u'1 tablespoon vegetable oil', u'1 small yellow onion, chopped', u'1 (8 ounce) package baby bella mushrooms, chopped', u'4 cloves garlic, minced', u'8 cups water', u'1 (6.75 ounce) package rice stick noodles (such as Maifun)', u'8 teaspoons chicken bouillon', u'2 cooked chicken breasts, shredded', u'4 green onions, chopped', u'1/3 cup chopped fresh cilantro', u'2 cups bean sprouts', u'1 lime, sliced into wedges', u'1 dash Sriracha hot sauce, or more to taste']",231,32,13.5,28,149
695,vietnamese,Banh Mi Burgers,4.57,20,"[u'1/2 cup chopped cucumber, seeded if large', u'1/4 cup thinly sliced green onion', u'1/4 cup chopped carrot', u'1/2 cup rice vinegar', u'2 tablespoons mirin (Japanese rice wine)', u'1 teaspoon white sugar', u'2 pounds ground pork', u'2 tablespoons tamari sauce', u'1 tablespoon toasted sesame oil', u'1 teaspoon mirin (Japanese rice wine)', u'1 tablespoon grated fresh ginger', u'1 tablespoon chili garlic sauce', u'1 teaspoon fish sauce', u'6 sesame seed hamburger buns', u'1 teaspoon chopped fresh basil (optional)', u'1 teaspoon chopped fresh mint (optional)']",487,26.6,32.7,98,803
696,vietnamese,Pickled Daikon Radish and Carrot,4.48,21,"[u'1/2 cup distilled white vinegar', u'1/4 cup white sugar', u'1 small carrot, peeled and cut into matchsticks', u'1 daikon radish, peeled and cut into matchsticks', u'2 tablespoons chopped fresh cilantro', u'1 Thai chile pepper, seeded and chopped']",70,17.2,0.7,0,27
